unique_id,commodity_id,ds,y,unit,status_flag,provider_release_id
GLOBAL.maize.price,maize,1960-01-01,45.0,USD / tonne,published,worldbank-ea1c350827878ea3
GLOBAL.maize.price,maize,1960-02-01,44.0,USD / tonne,published,worldbank-ea1c350827878ea3
GLOBAL.maize.price,maize,1960-03-01,45.0,USD / tonne,published,worldbank-ea1c350827878ea3
GLOBAL.maize.price,maize,1960-04-01,45.0,USD / tonne,published,worldbank-ea1c350827878ea3
GLOBAL.maize.price,maize,1960-05-01,48.0,USD / tonne,published,worldbank-ea1c350827878ea3
GLOBAL.maize.price,maize,1960-06-01,47.0,USD / tonne,published,worldbank-ea1c350827878ea3
GLOBAL.maize.price,maize,1960-07-01,47.0,USD / tonne,published,worldbank-ea1c350827878ea3
GLOBAL.maize.price,maize,1960-08-01,47.0,USD / tonne,published,worldbank-ea1c350827878ea3
GLOBAL.maize.price,maize,1960-09-01,46.0,USD / tonne,published,worldbank-ea1c350827878ea3
GLOBAL.maize.price,maize,1960-10-01,42.0,USD / tonne,published,worldbank-ea1c350827878ea3
GLOBAL.maize.price,maize,1960-11-01,38.0,USD / tonne,published,worldbank-ea1c350827878ea3
GLOBAL.maize.price,maize,1960-12-01,40.0,USD / tonne,published,worldbank-ea1c350827878ea3
GLOBAL.maize.price,maize,1961-01-01,43.0,USD / tonne,published,worldbank-ea1c350827878ea3
GLOBAL.maize.price,maize,1961-02-01,44.0,USD / tonne,published,worldbank-ea1c350827878ea3
GLOBAL.maize.price,maize,1961-03-01,44.0,USD / tonne,published,worldbank-ea1c350827878ea3
GLOBAL.maize.price,maize,1961-04-01,43.0,USD / tonne,published,worldbank-ea1c350827878ea3
GLOBAL.maize.price,maize,1961-05-01,45.0,USD / tonne,published,worldbank-ea1c350827878ea3
GLOBAL.maize.price,maize,1961-06-01,44.0,USD / tonne,published,worldbank-ea1c350827878ea3
GLOBAL.maize.price,maize,1961-07-01,45.0,USD / tonne,published,worldbank-ea1c350827878ea3
GLOBAL.maize.price,maize,1961-08-01,44.0,USD / tonne,published,worldbank-ea1c350827878ea3
GLOBAL.maize.price,maize,1961-09-01,43.0,USD / tonne,published,worldbank-ea1c350827878ea3
GLOBAL.maize.price,maize,1961-10-01,47.6,USD / tonne,published,worldbank-ea1c350827878ea3
GLOBAL.maize.price,maize,1961-11-01,48.4,USD / tonne,published,worldbank-ea1c350827878ea3
GLOBAL.maize.price,maize,1961-12-01,48.4,USD / tonne,published,worldbank-ea1c350827878ea3
GLOBAL.maize.price,maize,1962-01-01,48.0,USD / tonne,published,worldbank-ea1c350827878ea3
GLOBAL.maize.price,maize,1962-02-01,48.0,USD / tonne,published,worldbank-ea1c350827878ea3
GLOBAL.maize.price,maize,1962-03-01,48.8,USD / tonne,published,worldbank-ea1c350827878ea3
GLOBAL.maize.price,maize,1962-04-01,48.8,USD / tonne,published,worldbank-ea1c350827878ea3
GLOBAL.maize.price,maize,1962-05-01,49.6,USD / tonne,published,worldbank-ea1c350827878ea3
GLOBAL.maize.price,maize,1962-06-01,49.6,USD / tonne,published,worldbank-ea1c350827878ea3
GLOBAL.maize.price,maize,1962-07-01,48.8,USD / tonne,published,worldbank-ea1c350827878ea3
GLOBAL.maize.price,maize,1962-08-01,47.2,USD / tonne,published,worldbank-ea1c350827878ea3
GLOBAL.maize.price,maize,1962-09-01,47.6,USD / tonne,published,worldbank-ea1c350827878ea3
GLOBAL.maize.price,maize,1962-10-01,47.6,USD / tonne,published,worldbank-ea1c350827878ea3
GLOBAL.maize.price,maize,1962-11-01,48.4,USD / tonne,published,worldbank-ea1c350827878ea3
GLOBAL.maize.price,maize,1962-12-01,51.2,USD / tonne,published,worldbank-ea1c350827878ea3
GLOBAL.maize.price,maize,1963-01-01,52.8,USD / tonne,published,worldbank-ea1c350827878ea3
GLOBAL.maize.price,maize,1963-02-01,53.2,USD / tonne,published,worldbank-ea1c350827878ea3
GLOBAL.maize.price,maize,1963-03-01,52.4,USD / tonne,published,worldbank-ea1c350827878ea3
GLOBAL.maize.price,maize,1963-04-01,52.0,USD / tonne,published,worldbank-ea1c350827878ea3
GLOBAL.maize.price,maize,1963-05-01,52.4,USD / tonne,published,worldbank-ea1c350827878ea3
GLOBAL.maize.price,maize,1963-06-01,55.5,USD / tonne,published,worldbank-ea1c350827878ea3
GLOBAL.maize.price,maize,1963-07-01,56.7,USD / tonne,published,worldbank-ea1c350827878ea3
GLOBAL.maize.price,maize,1963-08-01,55.5,USD / tonne,published,worldbank-ea1c350827878ea3
GLOBAL.maize.price,maize,1963-09-01,55.9,USD / tonne,published,worldbank-ea1c350827878ea3
GLOBAL.maize.price,maize,1963-10-01,53.2,USD / tonne,published,worldbank-ea1c350827878ea3
GLOBAL.maize.price,maize,1963-11-01,52.4,USD / tonne,published,worldbank-ea1c350827878ea3
GLOBAL.maize.price,maize,1963-12-01,53.5,USD / tonne,published,worldbank-ea1c350827878ea3
GLOBAL.maize.price,maize,1964-01-01,55.1,USD / tonne,published,worldbank-ea1c350827878ea3
GLOBAL.maize.price,maize,1964-02-01,52.8,USD / tonne,published,worldbank-ea1c350827878ea3
GLOBAL.maize.price,maize,1964-03-01,54.3,USD / tonne,published,worldbank-ea1c350827878ea3
GLOBAL.maize.price,maize,1964-04-01,55.5,USD / tonne,published,worldbank-ea1c350827878ea3
GLOBAL.maize.price,maize,1964-05-01,55.9,USD / tonne,published,worldbank-ea1c350827878ea3
GLOBAL.maize.price,maize,1964-06-01,56.3,USD / tonne,published,worldbank-ea1c350827878ea3
GLOBAL.maize.price,maize,1964-07-01,55.9,USD / tonne,published,worldbank-ea1c350827878ea3
GLOBAL.maize.price,maize,1964-08-01,54.7,USD / tonne,published,worldbank-ea1c350827878ea3
GLOBAL.maize.price,maize,1964-09-01,55.1,USD / tonne,published,worldbank-ea1c350827878ea3
GLOBAL.maize.price,maize,1964-10-01,52.8,USD / tonne,published,worldbank-ea1c350827878ea3
GLOBAL.maize.price,maize,1964-11-01,52.8,USD / tonne,published,worldbank-ea1c350827878ea3
GLOBAL.maize.price,maize,1964-12-01,54.3,USD / tonne,published,worldbank-ea1c350827878ea3
GLOBAL.maize.price,maize,1965-01-01,55.9,USD / tonne,published,worldbank-ea1c350827878ea3
GLOBAL.maize.price,maize,1965-02-01,56.7,USD / tonne,published,worldbank-ea1c350827878ea3
GLOBAL.maize.price,maize,1965-03-01,57.1,USD / tonne,published,worldbank-ea1c350827878ea3
GLOBAL.maize.price,maize,1965-04-01,57.5,USD / tonne,published,worldbank-ea1c350827878ea3
GLOBAL.maize.price,maize,1965-05-01,58.7,USD / tonne,published,worldbank-ea1c350827878ea3
GLOBAL.maize.price,maize,1965-06-01,58.3,USD / tonne,published,worldbank-ea1c350827878ea3
GLOBAL.maize.price,maize,1965-07-01,56.7,USD / tonne,published,worldbank-ea1c350827878ea3
GLOBAL.maize.price,maize,1965-08-01,55.1,USD / tonne,published,worldbank-ea1c350827878ea3
GLOBAL.maize.price,maize,1965-09-01,53.9,USD / tonne,published,worldbank-ea1c350827878ea3
GLOBAL.maize.price,maize,1965-10-01,51.6,USD / tonne,published,worldbank-ea1c350827878ea3
GLOBAL.maize.price,maize,1965-11-01,51.6,USD / tonne,published,worldbank-ea1c350827878ea3
GLOBAL.maize.price,maize,1965-12-01,55.1,USD / tonne,published,worldbank-ea1c350827878ea3
GLOBAL.maize.price,maize,1966-01-01,57.1,USD / tonne,published,worldbank-ea1c350827878ea3
GLOBAL.maize.price,maize,1966-02-01,57.1,USD / tonne,published,worldbank-ea1c350827878ea3
GLOBAL.maize.price,maize,1966-03-01,55.5,USD / tonne,published,worldbank-ea1c350827878ea3
GLOBAL.maize.price,maize,1966-04-01,55.9,USD / tonne,published,worldbank-ea1c350827878ea3
GLOBAL.maize.price,maize,1966-05-01,55.1,USD / tonne,published,worldbank-ea1c350827878ea3
GLOBAL.maize.price,maize,1966-06-01,57.1,USD / tonne,published,worldbank-ea1c350827878ea3
GLOBAL.maize.price,maize,1966-07-01,59.1,USD / tonne,published,worldbank-ea1c350827878ea3
GLOBAL.maize.price,maize,1966-08-01,62.6,USD / tonne,published,worldbank-ea1c350827878ea3
GLOBAL.maize.price,maize,1966-09-01,61.0,USD / tonne,published,worldbank-ea1c350827878ea3
GLOBAL.maize.price,maize,1966-10-01,58.7,USD / tonne,published,worldbank-ea1c350827878ea3
GLOBAL.maize.price,maize,1966-11-01,59.1,USD / tonne,published,worldbank-ea1c350827878ea3
GLOBAL.maize.price,maize,1966-12-01,61.4,USD / tonne,published,worldbank-ea1c350827878ea3
GLOBAL.maize.price,maize,1967-01-01,60.2,USD / tonne,published,worldbank-ea1c350827878ea3
GLOBAL.maize.price,maize,1967-02-01,59.1,USD / tonne,published,worldbank-ea1c350827878ea3
GLOBAL.maize.price,maize,1967-03-01,59.1,USD / tonne,published,worldbank-ea1c350827878ea3
GLOBAL.maize.price,maize,1967-04-01,57.9,USD / tonne,published,worldbank-ea1c350827878ea3
GLOBAL.maize.price,maize,1967-05-01,57.1,USD / tonne,published,worldbank-ea1c350827878ea3
GLOBAL.maize.price,maize,1967-06-01,57.1,USD / tonne,published,worldbank-ea1c350827878ea3
GLOBAL.maize.price,maize,1967-07-01,55.1,USD / tonne,published,worldbank-ea1c350827878ea3
GLOBAL.maize.price,maize,1967-08-01,52.0,USD / tonne,published,worldbank-ea1c350827878ea3
GLOBAL.maize.price,maize,1967-09-01,49.2,USD / tonne,published,worldbank-ea1c350827878ea3
GLOBAL.maize.price,maize,1967-10-01,48.0,USD / tonne,published,worldbank-ea1c350827878ea3
GLOBAL.maize.price,maize,1967-11-01,47.6,USD / tonne,published,worldbank-ea1c350827878ea3
GLOBAL.maize.price,maize,1967-12-01,46.9,USD / tonne,published,worldbank-ea1c350827878ea3
GLOBAL.maize.price,maize,1968-01-01,51.6,USD / tonne,published,worldbank-ea1c350827878ea3
GLOBAL.maize.price,maize,1968-02-01,51.2,USD / tonne,published,worldbank-ea1c350827878ea3
GLOBAL.maize.price,maize,1968-03-01,50.0,USD / tonne,published,worldbank-ea1c350827878ea3
GLOBAL.maize.price,maize,1968-04-01,48.0,USD / tonne,published,worldbank-ea1c350827878ea3
GLOBAL.maize.price,maize,1968-05-01,48.4,USD / tonne,published,worldbank-ea1c350827878ea3
GLOBAL.maize.price,maize,1968-06-01,47.6,USD / tonne,published,worldbank-ea1c350827878ea3
GLOBAL.maize.price,maize,1968-07-01,47.2,USD / tonne,published,worldbank-ea1c350827878ea3
GLOBAL.maize.price,maize,1968-08-01,44.9,USD / tonne,published,worldbank-ea1c350827878ea3
GLOBAL.maize.price,maize,1968-09-01,44.1,USD / tonne,published,worldbank-ea1c350827878ea3
GLOBAL.maize.price,maize,1968-10-01,44.9,USD / tonne,published,worldbank-ea1c350827878ea3
GLOBAL.maize.price,maize,1968-11-01,49.2,USD / tonne,published,worldbank-ea1c350827878ea3
GLOBAL.maize.price,maize,1968-12-01,48.4,USD / tonne,published,worldbank-ea1c350827878ea3
GLOBAL.maize.price,maize,1969-01-01,50.4,USD / tonne,published,worldbank-ea1c350827878ea3
GLOBAL.maize.price,maize,1969-02-01,50.4,USD / tonne,published,worldbank-ea1c350827878ea3
GLOBAL.maize.price,maize,1969-03-01,50.4,USD / tonne,published,worldbank-ea1c350827878ea3
GLOBAL.maize.price,maize,1969-04-01,51.6,USD / tonne,published,worldbank-ea1c350827878ea3
GLOBAL.maize.price,maize,1969-05-01,54.3,USD / tonne,published,worldbank-ea1c350827878ea3
GLOBAL.maize.price,maize,1969-06-01,54.3,USD / tonne,published,worldbank-ea1c350827878ea3
GLOBAL.maize.price,maize,1969-07-01,53.9,USD / tonne,published,worldbank-ea1c350827878ea3
GLOBAL.maize.price,maize,1969-08-01,53.5,USD / tonne,published,worldbank-ea1c350827878ea3
GLOBAL.maize.price,maize,1969-09-01,51.2,USD / tonne,published,worldbank-ea1c350827878ea3
GLOBAL.maize.price,maize,1969-10-01,51.9,USD / tonne,published,worldbank-ea1c350827878ea3
GLOBAL.maize.price,maize,1969-11-01,53.2,USD / tonne,published,worldbank-ea1c350827878ea3
GLOBAL.maize.price,maize,1969-12-01,52.4,USD / tonne,published,worldbank-ea1c350827878ea3
GLOBAL.maize.price,maize,1970-01-01,58.4,USD / tonne,published,worldbank-ea1c350827878ea3
GLOBAL.maize.price,maize,1970-02-01,58.4,USD / tonne,published,worldbank-ea1c350827878ea3
GLOBAL.maize.price,maize,1970-03-01,58.4,USD / tonne,published,worldbank-ea1c350827878ea3
GLOBAL.maize.price,maize,1970-04-01,58.4,USD / tonne,published,worldbank-ea1c350827878ea3
GLOBAL.maize.price,maize,1970-05-01,58.4,USD / tonne,published,worldbank-ea1c350827878ea3
GLOBAL.maize.price,maize,1970-06-01,58.4,USD / tonne,published,worldbank-ea1c350827878ea3
GLOBAL.maize.price,maize,1970-07-01,58.4,USD / tonne,published,worldbank-ea1c350827878ea3
GLOBAL.maize.price,maize,1970-08-01,58.4,USD / tonne,published,worldbank-ea1c350827878ea3
GLOBAL.maize.price,maize,1970-09-01,58.4,USD / tonne,published,worldbank-ea1c350827878ea3
GLOBAL.maize.price,maize,1970-10-01,58.4,USD / tonne,published,worldbank-ea1c350827878ea3
GLOBAL.maize.price,maize,1970-11-01,58.4,USD / tonne,published,worldbank-ea1c350827878ea3
GLOBAL.maize.price,maize,1970-12-01,58.4,USD / tonne,published,worldbank-ea1c350827878ea3
GLOBAL.maize.price,maize,1971-01-01,58.4,USD / tonne,published,worldbank-ea1c350827878ea3
GLOBAL.maize.price,maize,1971-02-01,58.4,USD / tonne,published,worldbank-ea1c350827878ea3
GLOBAL.maize.price,maize,1971-03-01,58.4,USD / tonne,published,worldbank-ea1c350827878ea3
GLOBAL.maize.price,maize,1971-04-01,58.4,USD / tonne,published,worldbank-ea1c350827878ea3
GLOBAL.maize.price,maize,1971-05-01,58.4,USD / tonne,published,worldbank-ea1c350827878ea3
GLOBAL.maize.price,maize,1971-06-01,58.4,USD / tonne,published,worldbank-ea1c350827878ea3
GLOBAL.maize.price,maize,1971-07-01,58.4,USD / tonne,published,worldbank-ea1c350827878ea3
GLOBAL.maize.price,maize,1971-08-01,58.4,USD / tonne,published,worldbank-ea1c350827878ea3
GLOBAL.maize.price,maize,1971-09-01,58.4,USD / tonne,published,worldbank-ea1c350827878ea3
GLOBAL.maize.price,maize,1971-10-01,58.4,USD / tonne,published,worldbank-ea1c350827878ea3
GLOBAL.maize.price,maize,1971-11-01,58.4,USD / tonne,published,worldbank-ea1c350827878ea3
GLOBAL.maize.price,maize,1971-12-01,58.4,USD / tonne,published,worldbank-ea1c350827878ea3
GLOBAL.maize.price,maize,1972-01-01,51.3,USD / tonne,published,worldbank-ea1c350827878ea3
GLOBAL.maize.price,maize,1972-02-01,51.7,USD / tonne,published,worldbank-ea1c350827878ea3
GLOBAL.maize.price,maize,1972-03-01,52.5,USD / tonne,published,worldbank-ea1c350827878ea3
GLOBAL.maize.price,maize,1972-04-01,53.7,USD / tonne,published,worldbank-ea1c350827878ea3
GLOBAL.maize.price,maize,1972-05-01,54.5,USD / tonne,published,worldbank-ea1c350827878ea3
GLOBAL.maize.price,maize,1972-06-01,52.9,USD / tonne,published,worldbank-ea1c350827878ea3
GLOBAL.maize.price,maize,1972-07-01,54.1,USD / tonne,published,worldbank-ea1c350827878ea3
GLOBAL.maize.price,maize,1972-08-01,55.7,USD / tonne,published,worldbank-ea1c350827878ea3
GLOBAL.maize.price,maize,1972-09-01,59.2,USD / tonne,published,worldbank-ea1c350827878ea3
GLOBAL.maize.price,maize,1972-10-01,57.2,USD / tonne,published,worldbank-ea1c350827878ea3
GLOBAL.maize.price,maize,1972-11-01,59.2,USD / tonne,published,worldbank-ea1c350827878ea3
GLOBAL.maize.price,maize,1972-12-01,67.1,USD / tonne,published,worldbank-ea1c350827878ea3
GLOBAL.maize.price,maize,1973-01-01,79.1,USD / tonne,published,worldbank-ea1c350827878ea3
GLOBAL.maize.price,maize,1973-02-01,81.1,USD / tonne,published,worldbank-ea1c350827878ea3
GLOBAL.maize.price,maize,1973-03-01,79.9,USD / tonne,published,worldbank-ea1c350827878ea3
GLOBAL.maize.price,maize,1973-04-01,77.8,USD / tonne,published,worldbank-ea1c350827878ea3
GLOBAL.maize.price,maize,1973-05-01,89.0,USD / tonne,published,worldbank-ea1c350827878ea3
GLOBAL.maize.price,maize,1973-06-01,101.2,USD / tonne,published,worldbank-ea1c350827878ea3
GLOBAL.maize.price,maize,1973-07-01,109.4,USD / tonne,published,worldbank-ea1c350827878ea3
GLOBAL.maize.price,maize,1973-08-01,122.4,USD / tonne,published,worldbank-ea1c350827878ea3
GLOBAL.maize.price,maize,1973-09-01,107.1,USD / tonne,published,worldbank-ea1c350827878ea3
GLOBAL.maize.price,maize,1973-10-01,106.4,USD / tonne,published,worldbank-ea1c350827878ea3
GLOBAL.maize.price,maize,1973-11-01,107.9,USD / tonne,published,worldbank-ea1c350827878ea3
GLOBAL.maize.price,maize,1973-12-01,112.6,USD / tonne,published,worldbank-ea1c350827878ea3
GLOBAL.maize.price,maize,1974-01-01,112.3,USD / tonne,published,worldbank-ea1c350827878ea3
GLOBAL.maize.price,maize,1974-02-01,131.1,USD / tonne,published,worldbank-ea1c350827878ea3
GLOBAL.maize.price,maize,1974-03-01,126.4,USD / tonne,published,worldbank-ea1c350827878ea3
GLOBAL.maize.price,maize,1974-04-01,114.2,USD / tonne,published,worldbank-ea1c350827878ea3
GLOBAL.maize.price,maize,1974-05-01,113.7,USD / tonne,published,worldbank-ea1c350827878ea3
GLOBAL.maize.price,maize,1974-06-01,116.6,USD / tonne,published,worldbank-ea1c350827878ea3
GLOBAL.maize.price,maize,1974-07-01,132.3,USD / tonne,published,worldbank-ea1c350827878ea3
GLOBAL.maize.price,maize,1974-08-01,145.8,USD / tonne,published,worldbank-ea1c350827878ea3
GLOBAL.maize.price,maize,1974-09-01,141.4,USD / tonne,published,worldbank-ea1c350827878ea3
GLOBAL.maize.price,maize,1974-10-01,151.6,USD / tonne,published,worldbank-ea1c350827878ea3
GLOBAL.maize.price,maize,1974-11-01,144.1,USD / tonne,published,worldbank-ea1c350827878ea3
GLOBAL.maize.price,maize,1974-12-01,145.3,USD / tonne,published,worldbank-ea1c350827878ea3
GLOBAL.maize.price,maize,1975-01-01,131.7,USD / tonne,published,worldbank-ea1c350827878ea3
GLOBAL.maize.price,maize,1975-02-01,120.5,USD / tonne,published,worldbank-ea1c350827878ea3
GLOBAL.maize.price,maize,1975-03-01,120.2,USD / tonne,published,worldbank-ea1c350827878ea3
GLOBAL.maize.price,maize,1975-04-01,119.7,USD / tonne,published,worldbank-ea1c350827878ea3
GLOBAL.maize.price,maize,1975-05-01,114.5,USD / tonne,published,worldbank-ea1c350827878ea3
GLOBAL.maize.price,maize,1975-06-01,119.1,USD / tonne,published,worldbank-ea1c350827878ea3
GLOBAL.maize.price,maize,1975-07-01,119.8,USD / tonne,published,worldbank-ea1c350827878ea3
GLOBAL.maize.price,maize,1975-08-01,131.6,USD / tonne,published,worldbank-ea1c350827878ea3
GLOBAL.maize.price,maize,1975-09-01,122.3,USD / tonne,published,worldbank-ea1c350827878ea3
GLOBAL.maize.price,maize,1975-10-01,116.9,USD / tonne,published,worldbank-ea1c350827878ea3
GLOBAL.maize.price,maize,1975-11-01,110.3,USD / tonne,published,worldbank-ea1c350827878ea3
GLOBAL.maize.price,maize,1975-12-01,109.2,USD / tonne,published,worldbank-ea1c350827878ea3
GLOBAL.maize.price,maize,1976-01-01,110.3,USD / tonne,published,worldbank-ea1c350827878ea3
GLOBAL.maize.price,maize,1976-02-01,113.2,USD / tonne,published,worldbank-ea1c350827878ea3
GLOBAL.maize.price,maize,1976-03-01,113.1,USD / tonne,published,worldbank-ea1c350827878ea3
GLOBAL.maize.price,maize,1976-04-01,111.1,USD / tonne,published,worldbank-ea1c350827878ea3
GLOBAL.maize.price,maize,1976-05-01,118.2,USD / tonne,published,worldbank-ea1c350827878ea3
GLOBAL.maize.price,maize,1976-06-01,121.8,USD / tonne,published,worldbank-ea1c350827878ea3
GLOBAL.maize.price,maize,1976-07-01,121.3,USD / tonne,published,worldbank-ea1c350827878ea3
GLOBAL.maize.price,maize,1976-08-01,116.1,USD / tonne,published,worldbank-ea1c350827878ea3
GLOBAL.maize.price,maize,1976-09-01,115.0,USD / tonne,published,worldbank-ea1c350827878ea3
GLOBAL.maize.price,maize,1976-10-01,106.2,USD / tonne,published,worldbank-ea1c350827878ea3
GLOBAL.maize.price,maize,1976-11-01,98.7,USD / tonne,published,worldbank-ea1c350827878ea3
GLOBAL.maize.price,maize,1976-12-01,103.5,USD / tonne,published,worldbank-ea1c350827878ea3
GLOBAL.maize.price,maize,1977-01-01,111.6,USD / tonne,published,worldbank-ea1c350827878ea3
GLOBAL.maize.price,maize,1977-02-01,110.6,USD / tonne,published,worldbank-ea1c350827878ea3
GLOBAL.maize.price,maize,1977-03-01,108.0,USD / tonne,published,worldbank-ea1c350827878ea3
GLOBAL.maize.price,maize,1977-04-01,105.8,USD / tonne,published,worldbank-ea1c350827878ea3
GLOBAL.maize.price,maize,1977-05-01,100.9,USD / tonne,published,worldbank-ea1c350827878ea3
GLOBAL.maize.price,maize,1977-06-01,94.5,USD / tonne,published,worldbank-ea1c350827878ea3
GLOBAL.maize.price,maize,1977-07-01,85.0,USD / tonne,published,worldbank-ea1c350827878ea3
GLOBAL.maize.price,maize,1977-08-01,76.9,USD / tonne,published,worldbank-ea1c350827878ea3
GLOBAL.maize.price,maize,1977-09-01,78.3,USD / tonne,published,worldbank-ea1c350827878ea3
GLOBAL.maize.price,maize,1977-10-01,83.2,USD / tonne,published,worldbank-ea1c350827878ea3
GLOBAL.maize.price,maize,1977-11-01,93.4,USD / tonne,published,worldbank-ea1c350827878ea3
GLOBAL.maize.price,maize,1977-12-01,96.0,USD / tonne,published,worldbank-ea1c350827878ea3
GLOBAL.maize.price,maize,1978-01-01,95.8,USD / tonne,published,worldbank-ea1c350827878ea3
GLOBAL.maize.price,maize,1978-02-01,101.0,USD / tonne,published,worldbank-ea1c350827878ea3
GLOBAL.maize.price,maize,1978-03-01,106.1,USD / tonne,published,worldbank-ea1c350827878ea3
GLOBAL.maize.price,maize,1978-04-01,111.5,USD / tonne,published,worldbank-ea1c350827878ea3
GLOBAL.maize.price,maize,1978-05-01,112.7,USD / tonne,published,worldbank-ea1c350827878ea3
GLOBAL.maize.price,maize,1978-06-01,106.6,USD / tonne,published,worldbank-ea1c350827878ea3
GLOBAL.maize.price,maize,1978-07-01,97.3,USD / tonne,published,worldbank-ea1c350827878ea3
GLOBAL.maize.price,maize,1978-08-01,92.0,USD / tonne,published,worldbank-ea1c350827878ea3
GLOBAL.maize.price,maize,1978-09-01,91.0,USD / tonne,published,worldbank-ea1c350827878ea3
GLOBAL.maize.price,maize,1978-10-01,95.9,USD / tonne,published,worldbank-ea1c350827878ea3
GLOBAL.maize.price,maize,1978-11-01,100.5,USD / tonne,published,worldbank-ea1c350827878ea3
GLOBAL.maize.price,maize,1978-12-01,98.5,USD / tonne,published,worldbank-ea1c350827878ea3
GLOBAL.maize.price,maize,1979-01-01,105.4,USD / tonne,published,worldbank-ea1c350827878ea3
GLOBAL.maize.price,maize,1979-02-01,107.0,USD / tonne,published,worldbank-ea1c350827878ea3
GLOBAL.maize.price,maize,1979-03-01,109.5,USD / tonne,published,worldbank-ea1c350827878ea3
GLOBAL.maize.price,maize,1979-04-01,111.5,USD / tonne,published,worldbank-ea1c350827878ea3
GLOBAL.maize.price,maize,1979-05-01,112.6,USD / tonne,published,worldbank-ea1c350827878ea3
GLOBAL.maize.price,maize,1979-06-01,120.4,USD / tonne,published,worldbank-ea1c350827878ea3
GLOBAL.maize.price,maize,1979-07-01,130.5,USD / tonne,published,worldbank-ea1c350827878ea3
GLOBAL.maize.price,maize,1979-08-01,118.9,USD / tonne,published,worldbank-ea1c350827878ea3
GLOBAL.maize.price,maize,1979-09-01,118.0,USD / tonne,published,worldbank-ea1c350827878ea3
GLOBAL.maize.price,maize,1979-10-01,119.1,USD / tonne,published,worldbank-ea1c350827878ea3
GLOBAL.maize.price,maize,1979-11-01,118.2,USD / tonne,published,worldbank-ea1c350827878ea3
GLOBAL.maize.price,maize,1979-12-01,115.3,USD / tonne,published,worldbank-ea1c350827878ea3
GLOBAL.maize.price,maize,1980-01-01,105.4,USD / tonne,published,worldbank-ea1c350827878ea3
GLOBAL.maize.price,maize,1980-02-01,113.9,USD / tonne,published,worldbank-ea1c350827878ea3
GLOBAL.maize.price,maize,1980-03-01,110.4,USD / tonne,published,worldbank-ea1c350827878ea3
GLOBAL.maize.price,maize,1980-04-01,108.2,USD / tonne,published,worldbank-ea1c350827878ea3
GLOBAL.maize.price,maize,1980-05-01,110.0,USD / tonne,published,worldbank-ea1c350827878ea3
GLOBAL.maize.price,maize,1980-06-01,113.6,USD / tonne,published,worldbank-ea1c350827878ea3
GLOBAL.maize.price,maize,1980-07-01,128.9,USD / tonne,published,worldbank-ea1c350827878ea3
GLOBAL.maize.price,maize,1980-08-01,143.5,USD / tonne,published,worldbank-ea1c350827878ea3
GLOBAL.maize.price,maize,1980-09-01,140.8,USD / tonne,published,worldbank-ea1c350827878ea3
GLOBAL.maize.price,maize,1980-10-01,140.4,USD / tonne,published,worldbank-ea1c350827878ea3
GLOBAL.maize.price,maize,1980-11-01,146.6,USD / tonne,published,worldbank-ea1c350827878ea3
GLOBAL.maize.price,maize,1980-12-01,141.5,USD / tonne,published,worldbank-ea1c350827878ea3
GLOBAL.maize.price,maize,1981-01-01,148.8,USD / tonne,published,worldbank-ea1c350827878ea3
GLOBAL.maize.price,maize,1981-02-01,143.3,USD / tonne,published,worldbank-ea1c350827878ea3
GLOBAL.maize.price,maize,1981-03-01,142.1,USD / tonne,published,worldbank-ea1c350827878ea3
GLOBAL.maize.price,maize,1981-04-01,145.5,USD / tonne,published,worldbank-ea1c350827878ea3
GLOBAL.maize.price,maize,1981-05-01,141.3,USD / tonne,published,worldbank-ea1c350827878ea3
GLOBAL.maize.price,maize,1981-06-01,136.1,USD / tonne,published,worldbank-ea1c350827878ea3
GLOBAL.maize.price,maize,1981-07-01,137.6,USD / tonne,published,worldbank-ea1c350827878ea3
GLOBAL.maize.price,maize,1981-08-01,127.1,USD / tonne,published,worldbank-ea1c350827878ea3
GLOBAL.maize.price,maize,1981-09-01,115.5,USD / tonne,published,worldbank-ea1c350827878ea3
GLOBAL.maize.price,maize,1981-10-01,112.7,USD / tonne,published,worldbank-ea1c350827878ea3
GLOBAL.maize.price,maize,1981-11-01,111.8,USD / tonne,published,worldbank-ea1c350827878ea3
GLOBAL.maize.price,maize,1981-12-01,107.6,USD / tonne,published,worldbank-ea1c350827878ea3
GLOBAL.maize.price,maize,1982-01-01,115.4,USD / tonne,published,worldbank-ea1c350827878ea3
GLOBAL.maize.price,maize,1982-02-01,112.6,USD / tonne,published,worldbank-ea1c350827878ea3
GLOBAL.maize.price,maize,1982-03-01,114.2,USD / tonne,published,worldbank-ea1c350827878ea3
GLOBAL.maize.price,maize,1982-04-01,117.8,USD / tonne,published,worldbank-ea1c350827878ea3
GLOBAL.maize.price,maize,1982-05-01,118.1,USD / tonne,published,worldbank-ea1c350827878ea3
GLOBAL.maize.price,maize,1982-06-01,115.0,USD / tonne,published,worldbank-ea1c350827878ea3
GLOBAL.maize.price,maize,1982-07-01,115.0,USD / tonne,published,worldbank-ea1c350827878ea3
GLOBAL.maize.price,maize,1982-08-01,102.3,USD / tonne,published,worldbank-ea1c350827878ea3
GLOBAL.maize.price,maize,1982-09-01,100.9,USD / tonne,published,worldbank-ea1c350827878ea3
GLOBAL.maize.price,maize,1982-10-01,91.7,USD / tonne,published,worldbank-ea1c350827878ea3
GLOBAL.maize.price,maize,1982-11-01,102.9,USD / tonne,published,worldbank-ea1c350827878ea3
GLOBAL.maize.price,maize,1982-12-01,105.5,USD / tonne,published,worldbank-ea1c350827878ea3
GLOBAL.maize.price,maize,1983-01-01,107.8,USD / tonne,published,worldbank-ea1c350827878ea3
GLOBAL.maize.price,maize,1983-02-01,117.3,USD / tonne,published,worldbank-ea1c350827878ea3
GLOBAL.maize.price,maize,1983-03-01,125.2,USD / tonne,published,worldbank-ea1c350827878ea3
GLOBAL.maize.price,maize,1983-04-01,133.4,USD / tonne,published,worldbank-ea1c350827878ea3
GLOBAL.maize.price,maize,1983-05-01,133.9,USD / tonne,published,worldbank-ea1c350827878ea3
GLOBAL.maize.price,maize,1983-06-01,135.0,USD / tonne,published,worldbank-ea1c350827878ea3
GLOBAL.maize.price,maize,1983-07-01,140.6,USD / tonne,published,worldbank-ea1c350827878ea3
GLOBAL.maize.price,maize,1983-08-01,152.8,USD / tonne,published,worldbank-ea1c350827878ea3
GLOBAL.maize.price,maize,1983-09-01,147.8,USD / tonne,published,worldbank-ea1c350827878ea3
GLOBAL.maize.price,maize,1983-10-01,148.2,USD / tonne,published,worldbank-ea1c350827878ea3
GLOBAL.maize.price,maize,1983-11-01,147.0,USD / tonne,published,worldbank-ea1c350827878ea3
GLOBAL.maize.price,maize,1983-12-01,143.3,USD / tonne,published,worldbank-ea1c350827878ea3
GLOBAL.maize.price,maize,1984-01-01,141.9,USD / tonne,published,worldbank-ea1c350827878ea3
GLOBAL.maize.price,maize,1984-02-01,137.0,USD / tonne,published,worldbank-ea1c350827878ea3
GLOBAL.maize.price,maize,1984-03-01,147.1,USD / tonne,published,worldbank-ea1c350827878ea3
GLOBAL.maize.price,maize,1984-04-01,148.0,USD / tonne,published,worldbank-ea1c350827878ea3
GLOBAL.maize.price,maize,1984-05-01,146.1,USD / tonne,published,worldbank-ea1c350827878ea3
GLOBAL.maize.price,maize,1984-06-01,147.0,USD / tonne,published,worldbank-ea1c350827878ea3
GLOBAL.maize.price,maize,1984-07-01,142.6,USD / tonne,published,worldbank-ea1c350827878ea3
GLOBAL.maize.price,maize,1984-08-01,138.8,USD / tonne,published,worldbank-ea1c350827878ea3
GLOBAL.maize.price,maize,1984-09-01,130.4,USD / tonne,published,worldbank-ea1c350827878ea3
GLOBAL.maize.price,maize,1984-10-01,121.2,USD / tonne,published,worldbank-ea1c350827878ea3
GLOBAL.maize.price,maize,1984-11-01,117.4,USD / tonne,published,worldbank-ea1c350827878ea3
GLOBAL.maize.price,maize,1984-12-01,114.0,USD / tonne,published,worldbank-ea1c350827878ea3
GLOBAL.maize.price,maize,1985-01-01,119.0,USD / tonne,published,worldbank-ea1c350827878ea3
GLOBAL.maize.price,maize,1985-02-01,119.8,USD / tonne,published,worldbank-ea1c350827878ea3
GLOBAL.maize.price,maize,1985-03-01,120.2,USD / tonne,published,worldbank-ea1c350827878ea3
GLOBAL.maize.price,maize,1985-04-01,120.1,USD / tonne,published,worldbank-ea1c350827878ea3
GLOBAL.maize.price,maize,1985-05-01,116.7,USD / tonne,published,worldbank-ea1c350827878ea3
GLOBAL.maize.price,maize,1985-06-01,116.0,USD / tonne,published,worldbank-ea1c350827878ea3
GLOBAL.maize.price,maize,1985-07-01,114.9,USD / tonne,published,worldbank-ea1c350827878ea3
GLOBAL.maize.price,maize,1985-08-01,105.5,USD / tonne,published,worldbank-ea1c350827878ea3
GLOBAL.maize.price,maize,1985-09-01,101.9,USD / tonne,published,worldbank-ea1c350827878ea3
GLOBAL.maize.price,maize,1985-10-01,98.6,USD / tonne,published,worldbank-ea1c350827878ea3
GLOBAL.maize.price,maize,1985-11-01,106.2,USD / tonne,published,worldbank-ea1c350827878ea3
GLOBAL.maize.price,maize,1985-12-01,107.9,USD / tonne,published,worldbank-ea1c350827878ea3
GLOBAL.maize.price,maize,1986-01-01,107.8,USD / tonne,published,worldbank-ea1c350827878ea3
GLOBAL.maize.price,maize,1986-02-01,103.2,USD / tonne,published,worldbank-ea1c350827878ea3
GLOBAL.maize.price,maize,1986-03-01,100.9,USD / tonne,published,worldbank-ea1c350827878ea3
GLOBAL.maize.price,maize,1986-04-01,101.3,USD / tonne,published,worldbank-ea1c350827878ea3
GLOBAL.maize.price,maize,1986-05-01,105.6,USD / tonne,published,worldbank-ea1c350827878ea3
GLOBAL.maize.price,maize,1986-06-01,103.5,USD / tonne,published,worldbank-ea1c350827878ea3
GLOBAL.maize.price,maize,1986-07-01,83.0,USD / tonne,published,worldbank-ea1c350827878ea3
GLOBAL.maize.price,maize,1986-08-01,72.3,USD / tonne,published,worldbank-ea1c350827878ea3
GLOBAL.maize.price,maize,1986-09-01,65.7,USD / tonne,published,worldbank-ea1c350827878ea3
GLOBAL.maize.price,maize,1986-10-01,65.3,USD / tonne,published,worldbank-ea1c350827878ea3
GLOBAL.maize.price,maize,1986-11-01,72.4,USD / tonne,published,worldbank-ea1c350827878ea3
GLOBAL.maize.price,maize,1986-12-01,69.6,USD / tonne,published,worldbank-ea1c350827878ea3
GLOBAL.maize.price,maize,1987-01-01,67.9,USD / tonne,published,worldbank-ea1c350827878ea3
GLOBAL.maize.price,maize,1987-02-01,66.1,USD / tonne,published,worldbank-ea1c350827878ea3
GLOBAL.maize.price,maize,1987-03-01,71.6,USD / tonne,published,worldbank-ea1c350827878ea3
GLOBAL.maize.price,maize,1987-04-01,74.9,USD / tonne,published,worldbank-ea1c350827878ea3
GLOBAL.maize.price,maize,1987-05-01,81.8,USD / tonne,published,worldbank-ea1c350827878ea3
GLOBAL.maize.price,maize,1987-06-01,80.7,USD / tonne,published,worldbank-ea1c350827878ea3
GLOBAL.maize.price,maize,1987-07-01,76.4,USD / tonne,published,worldbank-ea1c350827878ea3
GLOBAL.maize.price,maize,1987-08-01,71.7,USD / tonne,published,worldbank-ea1c350827878ea3
GLOBAL.maize.price,maize,1987-09-01,73.6,USD / tonne,published,worldbank-ea1c350827878ea3
GLOBAL.maize.price,maize,1987-10-01,78.9,USD / tonne,published,worldbank-ea1c350827878ea3
GLOBAL.maize.price,maize,1987-11-01,81.7,USD / tonne,published,worldbank-ea1c350827878ea3
GLOBAL.maize.price,maize,1987-12-01,83.2,USD / tonne,published,worldbank-ea1c350827878ea3
GLOBAL.maize.price,maize,1988-01-01,85.9,USD / tonne,published,worldbank-ea1c350827878ea3
GLOBAL.maize.price,maize,1988-02-01,88.0,USD / tonne,published,worldbank-ea1c350827878ea3
GLOBAL.maize.price,maize,1988-03-01,90.2,USD / tonne,published,worldbank-ea1c350827878ea3
GLOBAL.maize.price,maize,1988-04-01,89.5,USD / tonne,published,worldbank-ea1c350827878ea3
GLOBAL.maize.price,maize,1988-05-01,89.3,USD / tonne,published,worldbank-ea1c350827878ea3
GLOBAL.maize.price,maize,1988-06-01,120.3,USD / tonne,published,worldbank-ea1c350827878ea3
GLOBAL.maize.price,maize,1988-07-01,125.5,USD / tonne,published,worldbank-ea1c350827878ea3
GLOBAL.maize.price,maize,1988-08-01,119.9,USD / tonne,published,worldbank-ea1c350827878ea3
GLOBAL.maize.price,maize,1988-09-01,121.4,USD / tonne,published,worldbank-ea1c350827878ea3
GLOBAL.maize.price,maize,1988-10-01,121.4,USD / tonne,published,worldbank-ea1c350827878ea3
GLOBAL.maize.price,maize,1988-11-01,114.4,USD / tonne,published,worldbank-ea1c350827878ea3
GLOBAL.maize.price,maize,1988-12-01,116.9,USD / tonne,published,worldbank-ea1c350827878ea3
GLOBAL.maize.price,maize,1989-01-01,118.2,USD / tonne,published,worldbank-ea1c350827878ea3
GLOBAL.maize.price,maize,1989-02-01,117.4,USD / tonne,published,worldbank-ea1c350827878ea3
GLOBAL.maize.price,maize,1989-03-01,118.4,USD / tonne,published,worldbank-ea1c350827878ea3
GLOBAL.maize.price,maize,1989-04-01,115.7,USD / tonne,published,worldbank-ea1c350827878ea3
GLOBAL.maize.price,maize,1989-05-01,117.6,USD / tonne,published,worldbank-ea1c350827878ea3
GLOBAL.maize.price,maize,1989-06-01,113.0,USD / tonne,published,worldbank-ea1c350827878ea3
GLOBAL.maize.price,maize,1989-07-01,108.7,USD / tonne,published,worldbank-ea1c350827878ea3
GLOBAL.maize.price,maize,1989-08-01,100.9,USD / tonne,published,worldbank-ea1c350827878ea3
GLOBAL.maize.price,maize,1989-09-01,103.4,USD / tonne,published,worldbank-ea1c350827878ea3
GLOBAL.maize.price,maize,1989-10-01,107.3,USD / tonne,published,worldbank-ea1c350827878ea3
GLOBAL.maize.price,maize,1989-11-01,108.5,USD / tonne,published,worldbank-ea1c350827878ea3
GLOBAL.maize.price,maize,1989-12-01,109.2,USD / tonne,published,worldbank-ea1c350827878ea3
GLOBAL.maize.price,maize,1990-01-01,105.6,USD / tonne,published,worldbank-ea1c350827878ea3
GLOBAL.maize.price,maize,1990-02-01,106.1,USD / tonne,published,worldbank-ea1c350827878ea3
GLOBAL.maize.price,maize,1990-03-01,109.7,USD / tonne,published,worldbank-ea1c350827878ea3
GLOBAL.maize.price,maize,1990-04-01,118.8,USD / tonne,published,worldbank-ea1c350827878ea3
GLOBAL.maize.price,maize,1990-05-01,121.0,USD / tonne,published,worldbank-ea1c350827878ea3
GLOBAL.maize.price,maize,1990-06-01,120.9,USD / tonne,published,worldbank-ea1c350827878ea3
GLOBAL.maize.price,maize,1990-07-01,114.9,USD / tonne,published,worldbank-ea1c350827878ea3
GLOBAL.maize.price,maize,1990-08-01,110.1,USD / tonne,published,worldbank-ea1c350827878ea3
GLOBAL.maize.price,maize,1990-09-01,101.5,USD / tonne,published,worldbank-ea1c350827878ea3
GLOBAL.maize.price,maize,1990-10-01,100.3,USD / tonne,published,worldbank-ea1c350827878ea3
GLOBAL.maize.price,maize,1990-11-01,100.4,USD / tonne,published,worldbank-ea1c350827878ea3
GLOBAL.maize.price,maize,1990-12-01,102.0,USD / tonne,published,worldbank-ea1c350827878ea3
GLOBAL.maize.price,maize,1991-01-01,105.7,USD / tonne,published,worldbank-ea1c350827878ea3
GLOBAL.maize.price,maize,1991-02-01,106.1,USD / tonne,published,worldbank-ea1c350827878ea3
GLOBAL.maize.price,maize,1991-03-01,109.5,USD / tonne,published,worldbank-ea1c350827878ea3
GLOBAL.maize.price,maize,1991-04-01,110.3,USD / tonne,published,worldbank-ea1c350827878ea3
GLOBAL.maize.price,maize,1991-05-01,105.7,USD / tonne,published,worldbank-ea1c350827878ea3
GLOBAL.maize.price,maize,1991-06-01,104.2,USD / tonne,published,worldbank-ea1c350827878ea3
GLOBAL.maize.price,maize,1991-07-01,105.1,USD / tonne,published,worldbank-ea1c350827878ea3
GLOBAL.maize.price,maize,1991-08-01,110.4,USD / tonne,published,worldbank-ea1c350827878ea3
GLOBAL.maize.price,maize,1991-09-01,108.9,USD / tonne,published,worldbank-ea1c350827878ea3
GLOBAL.maize.price,maize,1991-10-01,109.7,USD / tonne,published,worldbank-ea1c350827878ea3
GLOBAL.maize.price,maize,1991-11-01,106.5,USD / tonne,published,worldbank-ea1c350827878ea3
GLOBAL.maize.price,maize,1991-12-01,106.9,USD / tonne,published,worldbank-ea1c350827878ea3
GLOBAL.maize.price,maize,1992-01-01,109.3,USD / tonne,published,worldbank-ea1c350827878ea3
GLOBAL.maize.price,maize,1992-02-01,113.6,USD / tonne,published,worldbank-ea1c350827878ea3
GLOBAL.maize.price,maize,1992-03-01,117.0,USD / tonne,published,worldbank-ea1c350827878ea3
GLOBAL.maize.price,maize,1992-04-01,108.5,USD / tonne,published,worldbank-ea1c350827878ea3
GLOBAL.maize.price,maize,1992-05-01,109.6,USD / tonne,published,worldbank-ea1c350827878ea3
GLOBAL.maize.price,maize,1992-06-01,110.9,USD / tonne,published,worldbank-ea1c350827878ea3
GLOBAL.maize.price,maize,1992-07-01,102.8,USD / tonne,published,worldbank-ea1c350827878ea3
GLOBAL.maize.price,maize,1992-08-01,97.0,USD / tonne,published,worldbank-ea1c350827878ea3
GLOBAL.maize.price,maize,1992-09-01,98.1,USD / tonne,published,worldbank-ea1c350827878ea3
GLOBAL.maize.price,maize,1992-10-01,95.1,USD / tonne,published,worldbank-ea1c350827878ea3
GLOBAL.maize.price,maize,1992-11-01,94.5,USD / tonne,published,worldbank-ea1c350827878ea3
GLOBAL.maize.price,maize,1992-12-01,94.6,USD / tonne,published,worldbank-ea1c350827878ea3
GLOBAL.maize.price,maize,1993-01-01,94.2,USD / tonne,published,worldbank-ea1c350827878ea3
GLOBAL.maize.price,maize,1993-02-01,94.4,USD / tonne,published,worldbank-ea1c350827878ea3
GLOBAL.maize.price,maize,1993-03-01,97.1,USD / tonne,published,worldbank-ea1c350827878ea3
GLOBAL.maize.price,maize,1993-04-01,100.6,USD / tonne,published,worldbank-ea1c350827878ea3
GLOBAL.maize.price,maize,1993-05-01,98.6,USD / tonne,published,worldbank-ea1c350827878ea3
GLOBAL.maize.price,maize,1993-06-01,92.8,USD / tonne,published,worldbank-ea1c350827878ea3
GLOBAL.maize.price,maize,1993-07-01,101.3,USD / tonne,published,worldbank-ea1c350827878ea3
GLOBAL.maize.price,maize,1993-08-01,100.3,USD / tonne,published,worldbank-ea1c350827878ea3
GLOBAL.maize.price,maize,1993-09-01,100.9,USD / tonne,published,worldbank-ea1c350827878ea3
GLOBAL.maize.price,maize,1993-10-01,106.5,USD / tonne,published,worldbank-ea1c350827878ea3
GLOBAL.maize.price,maize,1993-11-01,116.7,USD / tonne,published,worldbank-ea1c350827878ea3
GLOBAL.maize.price,maize,1993-12-01,121.8,USD / tonne,published,worldbank-ea1c350827878ea3
GLOBAL.maize.price,maize,1994-01-01,127.2,USD / tonne,published,worldbank-ea1c350827878ea3
GLOBAL.maize.price,maize,1994-02-01,123.2,USD / tonne,published,worldbank-ea1c350827878ea3
GLOBAL.maize.price,maize,1994-03-01,119.4,USD / tonne,published,worldbank-ea1c350827878ea3
GLOBAL.maize.price,maize,1994-04-01,113.2,USD / tonne,published,worldbank-ea1c350827878ea3
GLOBAL.maize.price,maize,1994-05-01,109.6,USD / tonne,published,worldbank-ea1c350827878ea3
GLOBAL.maize.price,maize,1994-06-01,112.2,USD / tonne,published,worldbank-ea1c350827878ea3
GLOBAL.maize.price,maize,1994-07-01,97.8,USD / tonne,published,worldbank-ea1c350827878ea3
GLOBAL.maize.price,maize,1994-08-01,96.0,USD / tonne,published,worldbank-ea1c350827878ea3
GLOBAL.maize.price,maize,1994-09-01,97.5,USD / tonne,published,worldbank-ea1c350827878ea3
GLOBAL.maize.price,maize,1994-10-01,96.5,USD / tonne,published,worldbank-ea1c350827878ea3
GLOBAL.maize.price,maize,1994-11-01,95.5,USD / tonne,published,worldbank-ea1c350827878ea3
GLOBAL.maize.price,maize,1994-12-01,102.5,USD / tonne,published,worldbank-ea1c350827878ea3
GLOBAL.maize.price,maize,1995-01-01,107.0,USD / tonne,published,worldbank-ea1c350827878ea3
GLOBAL.maize.price,maize,1995-02-01,106.7,USD / tonne,published,worldbank-ea1c350827878ea3
GLOBAL.maize.price,maize,1995-03-01,109.7,USD / tonne,published,worldbank-ea1c350827878ea3
GLOBAL.maize.price,maize,1995-04-01,109.3,USD / tonne,published,worldbank-ea1c350827878ea3
GLOBAL.maize.price,maize,1995-05-01,112.0,USD / tonne,published,worldbank-ea1c350827878ea3
GLOBAL.maize.price,maize,1995-06-01,119.9,USD / tonne,published,worldbank-ea1c350827878ea3
GLOBAL.maize.price,maize,1995-07-01,127.0,USD / tonne,published,worldbank-ea1c350827878ea3
GLOBAL.maize.price,maize,1995-08-01,126.4,USD / tonne,published,worldbank-ea1c350827878ea3
GLOBAL.maize.price,maize,1995-09-01,130.5,USD / tonne,published,worldbank-ea1c350827878ea3
GLOBAL.maize.price,maize,1995-10-01,140.9,USD / tonne,published,worldbank-ea1c350827878ea3
GLOBAL.maize.price,maize,1995-11-01,144.0,USD / tonne,published,worldbank-ea1c350827878ea3
GLOBAL.maize.price,maize,1995-12-01,148.7,USD / tonne,published,worldbank-ea1c350827878ea3
GLOBAL.maize.price,maize,1996-01-01,156.1,USD / tonne,published,worldbank-ea1c350827878ea3
GLOBAL.maize.price,maize,1996-02-01,164.8,USD / tonne,published,worldbank-ea1c350827878ea3
GLOBAL.maize.price,maize,1996-03-01,184.9,USD / tonne,published,worldbank-ea1c350827878ea3
GLOBAL.maize.price,maize,1996-04-01,190.4,USD / tonne,published,worldbank-ea1c350827878ea3
GLOBAL.maize.price,maize,1996-05-01,204.0,USD / tonne,published,worldbank-ea1c350827878ea3
GLOBAL.maize.price,maize,1996-06-01,197.6,USD / tonne,published,worldbank-ea1c350827878ea3
GLOBAL.maize.price,maize,1996-07-01,197.8,USD / tonne,published,worldbank-ea1c350827878ea3
GLOBAL.maize.price,maize,1996-08-01,185.5,USD / tonne,published,worldbank-ea1c350827878ea3
GLOBAL.maize.price,maize,1996-09-01,145.4,USD / tonne,published,worldbank-ea1c350827878ea3
GLOBAL.maize.price,maize,1996-10-01,127.9,USD / tonne,published,worldbank-ea1c350827878ea3
GLOBAL.maize.price,maize,1996-11-01,117.7,USD / tonne,published,worldbank-ea1c350827878ea3
GLOBAL.maize.price,maize,1996-12-01,117.7,USD / tonne,published,worldbank-ea1c350827878ea3
GLOBAL.maize.price,maize,1997-01-01,118.4,USD / tonne,published,worldbank-ea1c350827878ea3
GLOBAL.maize.price,maize,1997-02-01,121.7,USD / tonne,published,worldbank-ea1c350827878ea3
GLOBAL.maize.price,maize,1997-03-01,127.6,USD / tonne,published,worldbank-ea1c350827878ea3
GLOBAL.maize.price,maize,1997-04-01,124.4,USD / tonne,published,worldbank-ea1c350827878ea3
GLOBAL.maize.price,maize,1997-05-01,118.8,USD / tonne,published,worldbank-ea1c350827878ea3
GLOBAL.maize.price,maize,1997-06-01,112.1,USD / tonne,published,worldbank-ea1c350827878ea3
GLOBAL.maize.price,maize,1997-07-01,106.1,USD / tonne,published,worldbank-ea1c350827878ea3
GLOBAL.maize.price,maize,1997-08-01,112.9,USD / tonne,published,worldbank-ea1c350827878ea3
GLOBAL.maize.price,maize,1997-09-01,112.2,USD / tonne,published,worldbank-ea1c350827878ea3
GLOBAL.maize.price,maize,1997-10-01,120.4,USD / tonne,published,worldbank-ea1c350827878ea3
GLOBAL.maize.price,maize,1997-11-01,117.2,USD / tonne,published,worldbank-ea1c350827878ea3
GLOBAL.maize.price,maize,1997-12-01,113.5,USD / tonne,published,worldbank-ea1c350827878ea3
GLOBAL.maize.price,maize,1998-01-01,114.7,USD / tonne,published,worldbank-ea1c350827878ea3
GLOBAL.maize.price,maize,1998-02-01,113.4,USD / tonne,published,worldbank-ea1c350827878ea3
GLOBAL.maize.price,maize,1998-03-01,114.2,USD / tonne,published,worldbank-ea1c350827878ea3
GLOBAL.maize.price,maize,1998-04-01,107.1,USD / tonne,published,worldbank-ea1c350827878ea3
GLOBAL.maize.price,maize,1998-05-01,106.1,USD / tonne,published,worldbank-ea1c350827878ea3
GLOBAL.maize.price,maize,1998-06-01,104.2,USD / tonne,published,worldbank-ea1c350827878ea3
GLOBAL.maize.price,maize,1998-07-01,100.5,USD / tonne,published,worldbank-ea1c350827878ea3
GLOBAL.maize.price,maize,1998-08-01,87.9,USD / tonne,published,worldbank-ea1c350827878ea3
GLOBAL.maize.price,maize,1998-09-01,86.3,USD / tonne,published,worldbank-ea1c350827878ea3
GLOBAL.maize.price,maize,1998-10-01,95.5,USD / tonne,published,worldbank-ea1c350827878ea3
GLOBAL.maize.price,maize,1998-11-01,98.1,USD / tonne,published,worldbank-ea1c350827878ea3
GLOBAL.maize.price,maize,1998-12-01,95.8,USD / tonne,published,worldbank-ea1c350827878ea3
GLOBAL.maize.price,maize,1999-01-01,97.4,USD / tonne,published,worldbank-ea1c350827878ea3
GLOBAL.maize.price,maize,1999-02-01,94.2,USD / tonne,published,worldbank-ea1c350827878ea3
GLOBAL.maize.price,maize,1999-03-01,96.2,USD / tonne,published,worldbank-ea1c350827878ea3
GLOBAL.maize.price,maize,1999-04-01,94.1,USD / tonne,published,worldbank-ea1c350827878ea3
GLOBAL.maize.price,maize,1999-05-01,92.5,USD / tonne,published,worldbank-ea1c350827878ea3
GLOBAL.maize.price,maize,1999-06-01,93.7,USD / tonne,published,worldbank-ea1c350827878ea3
GLOBAL.maize.price,maize,1999-07-01,84.0,USD / tonne,published,worldbank-ea1c350827878ea3
GLOBAL.maize.price,maize,1999-08-01,85.7,USD / tonne,published,worldbank-ea1c350827878ea3
GLOBAL.maize.price,maize,1999-09-01,86.5,USD / tonne,published,worldbank-ea1c350827878ea3
GLOBAL.maize.price,maize,1999-10-01,85.8,USD / tonne,published,worldbank-ea1c350827878ea3
GLOBAL.maize.price,maize,1999-11-01,85.4,USD / tonne,published,worldbank-ea1c350827878ea3
GLOBAL.maize.price,maize,1999-12-01,87.2,USD / tonne,published,worldbank-ea1c350827878ea3
GLOBAL.maize.price,maize,2000-01-01,93.3,USD / tonne,published,worldbank-ea1c350827878ea3
GLOBAL.maize.price,maize,2000-02-01,95.2,USD / tonne,published,worldbank-ea1c350827878ea3
GLOBAL.maize.price,maize,2000-03-01,95.1,USD / tonne,published,worldbank-ea1c350827878ea3
GLOBAL.maize.price,maize,2000-04-01,95.2,USD / tonne,published,worldbank-ea1c350827878ea3
GLOBAL.maize.price,maize,2000-05-01,96.4,USD / tonne,published,worldbank-ea1c350827878ea3
GLOBAL.maize.price,maize,2000-06-01,84.3,USD / tonne,published,worldbank-ea1c350827878ea3
GLOBAL.maize.price,maize,2000-07-01,75.3,USD / tonne,published,worldbank-ea1c350827878ea3
GLOBAL.maize.price,maize,2000-08-01,75.6,USD / tonne,published,worldbank-ea1c350827878ea3
GLOBAL.maize.price,maize,2000-09-01,80.4,USD / tonne,published,worldbank-ea1c350827878ea3
GLOBAL.maize.price,maize,2000-10-01,85.0,USD / tonne,published,worldbank-ea1c350827878ea3
GLOBAL.maize.price,maize,2000-11-01,89.2,USD / tonne,published,worldbank-ea1c350827878ea3
GLOBAL.maize.price,maize,2000-12-01,97.6,USD / tonne,published,worldbank-ea1c350827878ea3
GLOBAL.maize.price,maize,2001-01-01,95.2,USD / tonne,published,worldbank-ea1c350827878ea3
GLOBAL.maize.price,maize,2001-02-01,92.0,USD / tonne,published,worldbank-ea1c350827878ea3
GLOBAL.maize.price,maize,2001-03-01,90.3,USD / tonne,published,worldbank-ea1c350827878ea3
GLOBAL.maize.price,maize,2001-04-01,88.0,USD / tonne,published,worldbank-ea1c350827878ea3
GLOBAL.maize.price,maize,2001-05-01,84.1,USD / tonne,published,worldbank-ea1c350827878ea3
GLOBAL.maize.price,maize,2001-06-01,83.3,USD / tonne,published,worldbank-ea1c350827878ea3
GLOBAL.maize.price,maize,2001-07-01,91.7,USD / tonne,published,worldbank-ea1c350827878ea3
GLOBAL.maize.price,maize,2001-08-01,93.1,USD / tonne,published,worldbank-ea1c350827878ea3
GLOBAL.maize.price,maize,2001-09-01,90.1,USD / tonne,published,worldbank-ea1c350827878ea3
GLOBAL.maize.price,maize,2001-10-01,86.6,USD / tonne,published,worldbank-ea1c350827878ea3
GLOBAL.maize.price,maize,2001-11-01,89.5,USD / tonne,published,worldbank-ea1c350827878ea3
GLOBAL.maize.price,maize,2001-12-01,91.9,USD / tonne,published,worldbank-ea1c350827878ea3
GLOBAL.maize.price,maize,2002-01-01,92.0,USD / tonne,published,worldbank-ea1c350827878ea3
GLOBAL.maize.price,maize,2002-02-01,90.8,USD / tonne,published,worldbank-ea1c350827878ea3
GLOBAL.maize.price,maize,2002-03-01,89.6,USD / tonne,published,worldbank-ea1c350827878ea3
GLOBAL.maize.price,maize,2002-04-01,87.1,USD / tonne,published,worldbank-ea1c350827878ea3
GLOBAL.maize.price,maize,2002-05-01,90.3,USD / tonne,published,worldbank-ea1c350827878ea3
GLOBAL.maize.price,maize,2002-06-01,94.1,USD / tonne,published,worldbank-ea1c350827878ea3
GLOBAL.maize.price,maize,2002-07-01,98.7,USD / tonne,published,worldbank-ea1c350827878ea3
GLOBAL.maize.price,maize,2002-08-01,108.9,USD / tonne,published,worldbank-ea1c350827878ea3
GLOBAL.maize.price,maize,2002-09-01,114.1,USD / tonne,published,worldbank-ea1c350827878ea3
GLOBAL.maize.price,maize,2002-10-01,109.7,USD / tonne,published,worldbank-ea1c350827878ea3
GLOBAL.maize.price,maize,2002-11-01,108.9,USD / tonne,published,worldbank-ea1c350827878ea3
GLOBAL.maize.price,maize,2002-12-01,107.0,USD / tonne,published,worldbank-ea1c350827878ea3
GLOBAL.maize.price,maize,2003-01-01,106.1,USD / tonne,published,worldbank-ea1c350827878ea3
GLOBAL.maize.price,maize,2003-02-01,105.9,USD / tonne,published,worldbank-ea1c350827878ea3
GLOBAL.maize.price,maize,2003-03-01,105.6,USD / tonne,published,worldbank-ea1c350827878ea3
GLOBAL.maize.price,maize,2003-04-01,105.5,USD / tonne,published,worldbank-ea1c350827878ea3
GLOBAL.maize.price,maize,2003-05-01,107.5,USD / tonne,published,worldbank-ea1c350827878ea3
GLOBAL.maize.price,maize,2003-06-01,107.3,USD / tonne,published,worldbank-ea1c350827878ea3
GLOBAL.maize.price,maize,2003-07-01,96.8,USD / tonne,published,worldbank-ea1c350827878ea3
GLOBAL.maize.price,maize,2003-08-01,100.7,USD / tonne,published,worldbank-ea1c350827878ea3
GLOBAL.maize.price,maize,2003-09-01,104.1,USD / tonne,published,worldbank-ea1c350827878ea3
GLOBAL.maize.price,maize,2003-10-01,105.4,USD / tonne,published,worldbank-ea1c350827878ea3
GLOBAL.maize.price,maize,2003-11-01,108.5,USD / tonne,published,worldbank-ea1c350827878ea3
GLOBAL.maize.price,maize,2003-12-01,111.2,USD / tonne,published,worldbank-ea1c350827878ea3
GLOBAL.maize.price,maize,2004-01-01,115.5,USD / tonne,published,worldbank-ea1c350827878ea3
GLOBAL.maize.price,maize,2004-02-01,123.5,USD / tonne,published,worldbank-ea1c350827878ea3
GLOBAL.maize.price,maize,2004-03-01,127.8,USD / tonne,published,worldbank-ea1c350827878ea3
GLOBAL.maize.price,maize,2004-04-01,133.5,USD / tonne,published,worldbank-ea1c350827878ea3
GLOBAL.maize.price,maize,2004-05-01,128.2,USD / tonne,published,worldbank-ea1c350827878ea3
GLOBAL.maize.price,maize,2004-06-01,123.3,USD / tonne,published,worldbank-ea1c350827878ea3
GLOBAL.maize.price,maize,2004-07-01,104.8,USD / tonne,published,worldbank-ea1c350827878ea3
GLOBAL.maize.price,maize,2004-08-01,104.1,USD / tonne,published,worldbank-ea1c350827878ea3
GLOBAL.maize.price,maize,2004-09-01,97.9,USD / tonne,published,worldbank-ea1c350827878ea3
GLOBAL.maize.price,maize,2004-10-01,93.8,USD / tonne,published,worldbank-ea1c350827878ea3
GLOBAL.maize.price,maize,2004-11-01,93.7,USD / tonne,published,worldbank-ea1c350827878ea3
GLOBAL.maize.price,maize,2004-12-01,95.4,USD / tonne,published,worldbank-ea1c350827878ea3
GLOBAL.maize.price,maize,2005-01-01,96.3,USD / tonne,published,worldbank-ea1c350827878ea3
GLOBAL.maize.price,maize,2005-02-01,94.1,USD / tonne,published,worldbank-ea1c350827878ea3
GLOBAL.maize.price,maize,2005-03-01,99.9,USD / tonne,published,worldbank-ea1c350827878ea3
GLOBAL.maize.price,maize,2005-04-01,96.3,USD / tonne,published,worldbank-ea1c350827878ea3
GLOBAL.maize.price,maize,2005-05-01,95.4,USD / tonne,published,worldbank-ea1c350827878ea3
GLOBAL.maize.price,maize,2005-06-01,97.1,USD / tonne,published,worldbank-ea1c350827878ea3
GLOBAL.maize.price,maize,2005-07-01,107.5,USD / tonne,published,worldbank-ea1c350827878ea3
GLOBAL.maize.price,maize,2005-08-01,101.7,USD / tonne,published,worldbank-ea1c350827878ea3
GLOBAL.maize.price,maize,2005-09-01,96.4,USD / tonne,published,worldbank-ea1c350827878ea3
GLOBAL.maize.price,maize,2005-10-01,101.9,USD / tonne,published,worldbank-ea1c350827878ea3
GLOBAL.maize.price,maize,2005-11-01,95.4,USD / tonne,published,worldbank-ea1c350827878ea3
GLOBAL.maize.price,maize,2005-12-01,102.1,USD / tonne,published,worldbank-ea1c350827878ea3
GLOBAL.maize.price,maize,2006-01-01,102.7,USD / tonne,published,worldbank-ea1c350827878ea3
GLOBAL.maize.price,maize,2006-02-01,107.1,USD / tonne,published,worldbank-ea1c350827878ea3
GLOBAL.maize.price,maize,2006-03-01,105.3,USD / tonne,published,worldbank-ea1c350827878ea3
GLOBAL.maize.price,maize,2006-04-01,107.7,USD / tonne,published,worldbank-ea1c350827878ea3
GLOBAL.maize.price,maize,2006-05-01,110.6,USD / tonne,published,worldbank-ea1c350827878ea3
GLOBAL.maize.price,maize,2006-06-01,109.4,USD / tonne,published,worldbank-ea1c350827878ea3
GLOBAL.maize.price,maize,2006-07-01,114.0,USD / tonne,published,worldbank-ea1c350827878ea3
GLOBAL.maize.price,maize,2006-08-01,116.6,USD / tonne,published,worldbank-ea1c350827878ea3
GLOBAL.maize.price,maize,2006-09-01,121.7,USD / tonne,published,worldbank-ea1c350827878ea3
GLOBAL.maize.price,maize,2006-10-01,142.2,USD / tonne,published,worldbank-ea1c350827878ea3
GLOBAL.maize.price,maize,2006-11-01,164.5,USD / tonne,published,worldbank-ea1c350827878ea3
GLOBAL.maize.price,maize,2006-12-01,160.4,USD / tonne,published,worldbank-ea1c350827878ea3
GLOBAL.maize.price,maize,2007-01-01,164.8,USD / tonne,published,worldbank-ea1c350827878ea3
GLOBAL.maize.price,maize,2007-02-01,177.3,USD / tonne,published,worldbank-ea1c350827878ea3
GLOBAL.maize.price,maize,2007-03-01,170.5,USD / tonne,published,worldbank-ea1c350827878ea3
GLOBAL.maize.price,maize,2007-04-01,152.7,USD / tonne,published,worldbank-ea1c350827878ea3
GLOBAL.maize.price,maize,2007-05-01,160.2,USD / tonne,published,worldbank-ea1c350827878ea3
GLOBAL.maize.price,maize,2007-06-01,165.2,USD / tonne,published,worldbank-ea1c350827878ea3
GLOBAL.maize.price,maize,2007-07-01,146.8,USD / tonne,published,worldbank-ea1c350827878ea3
GLOBAL.maize.price,maize,2007-08-01,151.2,USD / tonne,published,worldbank-ea1c350827878ea3
GLOBAL.maize.price,maize,2007-09-01,159.4,USD / tonne,published,worldbank-ea1c350827878ea3
GLOBAL.maize.price,maize,2007-10-01,164.2,USD / tonne,published,worldbank-ea1c350827878ea3
GLOBAL.maize.price,maize,2007-11-01,171.3,USD / tonne,published,worldbank-ea1c350827878ea3
GLOBAL.maize.price,maize,2007-12-01,180.3,USD / tonne,published,worldbank-ea1c350827878ea3
GLOBAL.maize.price,maize,2008-01-01,206.7,USD / tonne,published,worldbank-ea1c350827878ea3
GLOBAL.maize.price,maize,2008-02-01,220.1,USD / tonne,published,worldbank-ea1c350827878ea3
GLOBAL.maize.price,maize,2008-03-01,234.4,USD / tonne,published,worldbank-ea1c350827878ea3
GLOBAL.maize.price,maize,2008-04-01,246.4,USD / tonne,published,worldbank-ea1c350827878ea3
GLOBAL.maize.price,maize,2008-05-01,243.5,USD / tonne,published,worldbank-ea1c350827878ea3
GLOBAL.maize.price,maize,2008-06-01,287.1,USD / tonne,published,worldbank-ea1c350827878ea3
GLOBAL.maize.price,maize,2008-07-01,265.3,USD / tonne,published,worldbank-ea1c350827878ea3
GLOBAL.maize.price,maize,2008-08-01,235.0,USD / tonne,published,worldbank-ea1c350827878ea3
GLOBAL.maize.price,maize,2008-09-01,233.8,USD / tonne,published,worldbank-ea1c350827878ea3
GLOBAL.maize.price,maize,2008-10-01,183.1,USD / tonne,published,worldbank-ea1c350827878ea3
GLOBAL.maize.price,maize,2008-11-01,163.8,USD / tonne,published,worldbank-ea1c350827878ea3
GLOBAL.maize.price,maize,2008-12-01,158.3,USD / tonne,published,worldbank-ea1c350827878ea3
GLOBAL.maize.price,maize,2009-01-01,172.8,USD / tonne,published,worldbank-ea1c350827878ea3
GLOBAL.maize.price,maize,2009-02-01,163.4,USD / tonne,published,worldbank-ea1c350827878ea3
GLOBAL.maize.price,maize,2009-03-01,164.6,USD / tonne,published,worldbank-ea1c350827878ea3
GLOBAL.maize.price,maize,2009-04-01,168.5,USD / tonne,published,worldbank-ea1c350827878ea3
GLOBAL.maize.price,maize,2009-05-01,179.9,USD / tonne,published,worldbank-ea1c350827878ea3
GLOBAL.maize.price,maize,2009-06-01,179.5,USD / tonne,published,worldbank-ea1c350827878ea3
GLOBAL.maize.price,maize,2009-07-01,151.6,USD / tonne,published,worldbank-ea1c350827878ea3
GLOBAL.maize.price,maize,2009-08-01,152.0,USD / tonne,published,worldbank-ea1c350827878ea3
GLOBAL.maize.price,maize,2009-09-01,150.4,USD / tonne,published,worldbank-ea1c350827878ea3
GLOBAL.maize.price,maize,2009-10-01,167.3,USD / tonne,published,worldbank-ea1c350827878ea3
GLOBAL.maize.price,maize,2009-11-01,171.6,USD / tonne,published,worldbank-ea1c350827878ea3
GLOBAL.maize.price,maize,2009-12-01,164.6,USD / tonne,published,worldbank-ea1c350827878ea3
GLOBAL.maize.price,maize,2010-01-01,167.3,USD / tonne,published,worldbank-ea1c350827878ea3
GLOBAL.maize.price,maize,2010-02-01,161.8,USD / tonne,published,worldbank-ea1c350827878ea3
GLOBAL.maize.price,maize,2010-03-01,159.0,USD / tonne,published,worldbank-ea1c350827878ea3
GLOBAL.maize.price,maize,2010-04-01,157.1,USD / tonne,published,worldbank-ea1c350827878ea3
GLOBAL.maize.price,maize,2010-05-01,163.4,USD / tonne,published,worldbank-ea1c350827878ea3
GLOBAL.maize.price,maize,2010-06-01,152.7,USD / tonne,published,worldbank-ea1c350827878ea3
GLOBAL.maize.price,maize,2010-07-01,163.8,USD / tonne,published,worldbank-ea1c350827878ea3
GLOBAL.maize.price,maize,2010-08-01,175.6,USD / tonne,published,worldbank-ea1c350827878ea3
GLOBAL.maize.price,maize,2010-09-01,205.9,USD / tonne,published,worldbank-ea1c350827878ea3
GLOBAL.maize.price,maize,2010-10-01,235.8,USD / tonne,published,worldbank-ea1c350827878ea3
GLOBAL.maize.price,maize,2010-11-01,238.2,USD / tonne,published,worldbank-ea1c350827878ea3
GLOBAL.maize.price,maize,2010-12-01,250.4,USD / tonne,published,worldbank-ea1c350827878ea3
GLOBAL.maize.price,maize,2011-01-01,264.9,USD / tonne,published,worldbank-ea1c350827878ea3
GLOBAL.maize.price,maize,2011-02-01,292.9,USD / tonne,published,worldbank-ea1c350827878ea3
GLOBAL.maize.price,maize,2011-03-01,290.5,USD / tonne,published,worldbank-ea1c350827878ea3
GLOBAL.maize.price,maize,2011-04-01,319.3,USD / tonne,published,worldbank-ea1c350827878ea3
GLOBAL.maize.price,maize,2011-05-01,307.9,USD / tonne,published,worldbank-ea1c350827878ea3
GLOBAL.maize.price,maize,2011-06-01,310.6,USD / tonne,published,worldbank-ea1c350827878ea3
GLOBAL.maize.price,maize,2011-07-01,300.8,USD / tonne,published,worldbank-ea1c350827878ea3
GLOBAL.maize.price,maize,2011-08-01,310.2,USD / tonne,published,worldbank-ea1c350827878ea3
GLOBAL.maize.price,maize,2011-09-01,295.3,USD / tonne,published,worldbank-ea1c350827878ea3
GLOBAL.maize.price,maize,2011-10-01,274.8,USD / tonne,published,worldbank-ea1c350827878ea3
GLOBAL.maize.price,maize,2011-11-01,274.4,USD / tonne,published,worldbank-ea1c350827878ea3
GLOBAL.maize.price,maize,2011-12-01,258.6,USD / tonne,published,worldbank-ea1c350827878ea3
GLOBAL.maize.price,maize,2012-01-01,272.8,USD / tonne,published,worldbank-ea1c350827878ea3
GLOBAL.maize.price,maize,2012-02-01,279.5,USD / tonne,published,worldbank-ea1c350827878ea3
GLOBAL.maize.price,maize,2012-03-01,280.7,USD / tonne,published,worldbank-ea1c350827878ea3
GLOBAL.maize.price,maize,2012-04-01,274.0,USD / tonne,published,worldbank-ea1c350827878ea3
GLOBAL.maize.price,maize,2012-05-01,269.3,USD / tonne,published,worldbank-ea1c350827878ea3
GLOBAL.maize.price,maize,2012-06-01,267.3,USD / tonne,published,worldbank-ea1c350827878ea3
GLOBAL.maize.price,maize,2012-07-01,333.1,USD / tonne,published,worldbank-ea1c350827878ea3
GLOBAL.maize.price,maize,2012-08-01,332.0,USD / tonne,published,worldbank-ea1c350827878ea3
GLOBAL.maize.price,maize,2012-09-01,320.8,USD / tonne,published,worldbank-ea1c350827878ea3
GLOBAL.maize.price,maize,2012-10-01,321.2,USD / tonne,published,worldbank-ea1c350827878ea3
GLOBAL.maize.price,maize,2012-11-01,321.6,USD / tonne,published,worldbank-ea1c350827878ea3
GLOBAL.maize.price,maize,2012-12-01,308.6,USD / tonne,published,worldbank-ea1c350827878ea3
GLOBAL.maize.price,maize,2013-01-01,303.1,USD / tonne,published,worldbank-ea1c350827878ea3
GLOBAL.maize.price,maize,2013-02-01,302.7,USD / tonne,published,worldbank-ea1c350827878ea3
GLOBAL.maize.price,maize,2013-03-01,309.0,USD / tonne,published,worldbank-ea1c350827878ea3
GLOBAL.maize.price,maize,2013-04-01,279.9,USD / tonne,published,worldbank-ea1c350827878ea3
GLOBAL.maize.price,maize,2013-05-01,295.5,USD / tonne,published,worldbank-ea1c350827878ea3
GLOBAL.maize.price,maize,2013-06-01,298.4,USD / tonne,published,worldbank-ea1c350827878ea3
GLOBAL.maize.price,maize,2013-07-01,279.5,USD / tonne,published,worldbank-ea1c350827878ea3
GLOBAL.maize.price,maize,2013-08-01,238.7,USD / tonne,published,worldbank-ea1c350827878ea3
GLOBAL.maize.price,maize,2013-09-01,207.4,USD / tonne,published,worldbank-ea1c350827878ea3
GLOBAL.maize.price,maize,2013-10-01,201.7,USD / tonne,published,worldbank-ea1c350827878ea3
GLOBAL.maize.price,maize,2013-11-01,199.1,USD / tonne,published,worldbank-ea1c350827878ea3
GLOBAL.maize.price,maize,2013-12-01,197.4,USD / tonne,published,worldbank-ea1c350827878ea3
GLOBAL.maize.price,maize,2014-01-01,198.1,USD / tonne,published,worldbank-ea1c350827878ea3
GLOBAL.maize.price,maize,2014-02-01,209.3,USD / tonne,published,worldbank-ea1c350827878ea3
GLOBAL.maize.price,maize,2014-03-01,222.3,USD / tonne,published,worldbank-ea1c350827878ea3
GLOBAL.maize.price,maize,2014-04-01,222.4,USD / tonne,published,worldbank-ea1c350827878ea3
GLOBAL.maize.price,maize,2014-05-01,217.3,USD / tonne,published,worldbank-ea1c350827878ea3
GLOBAL.maize.price,maize,2014-06-01,202.4,USD / tonne,published,worldbank-ea1c350827878ea3
GLOBAL.maize.price,maize,2014-07-01,182.7,USD / tonne,published,worldbank-ea1c350827878ea3
GLOBAL.maize.price,maize,2014-08-01,176.4,USD / tonne,published,worldbank-ea1c350827878ea3
GLOBAL.maize.price,maize,2014-09-01,163.1,USD / tonne,published,worldbank-ea1c350827878ea3
GLOBAL.maize.price,maize,2014-10-01,163.1,USD / tonne,published,worldbank-ea1c350827878ea3
GLOBAL.maize.price,maize,2014-11-01,178.7,USD / tonne,published,worldbank-ea1c350827878ea3
GLOBAL.maize.price,maize,2014-12-01,178.7,USD / tonne,published,worldbank-ea1c350827878ea3
GLOBAL.maize.price,maize,2015-01-01,174.7,USD / tonne,published,worldbank-ea1c350827878ea3
GLOBAL.maize.price,maize,2015-02-01,173.7,USD / tonne,published,worldbank-ea1c350827878ea3
GLOBAL.maize.price,maize,2015-03-01,174.2,USD / tonne,published,worldbank-ea1c350827878ea3
GLOBAL.maize.price,maize,2015-04-01,172.1,USD / tonne,published,worldbank-ea1c350827878ea3
GLOBAL.maize.price,maize,2015-05-01,166.3,USD / tonne,published,worldbank-ea1c350827878ea3
GLOBAL.maize.price,maize,2015-06-01,166.7,USD / tonne,published,worldbank-ea1c350827878ea3
GLOBAL.maize.price,maize,2015-07-01,179.6,USD / tonne,published,worldbank-ea1c350827878ea3
GLOBAL.maize.price,maize,2015-08-01,162.6,USD / tonne,published,worldbank-ea1c350827878ea3
GLOBAL.maize.price,maize,2015-09-01,165.6,USD / tonne,published,worldbank-ea1c350827878ea3
GLOBAL.maize.price,maize,2015-10-01,171.4,USD / tonne,published,worldbank-ea1c350827878ea3
GLOBAL.maize.price,maize,2015-11-01,166.2,USD / tonne,published,worldbank-ea1c350827878ea3
GLOBAL.maize.price,maize,2015-12-01,163.9,USD / tonne,published,worldbank-ea1c350827878ea3
GLOBAL.maize.price,maize,2016-01-01,161.0,USD / tonne,published,worldbank-ea1c350827878ea3
GLOBAL.maize.price,maize,2016-02-01,159.7,USD / tonne,published,worldbank-ea1c350827878ea3
GLOBAL.maize.price,maize,2016-03-01,159.1,USD / tonne,published,worldbank-ea1c350827878ea3
GLOBAL.maize.price,maize,2016-04-01,164.4,USD / tonne,published,worldbank-ea1c350827878ea3
GLOBAL.maize.price,maize,2016-05-01,169.0,USD / tonne,published,worldbank-ea1c350827878ea3
GLOBAL.maize.price,maize,2016-06-01,179.9,USD / tonne,published,worldbank-ea1c350827878ea3
GLOBAL.maize.price,maize,2016-07-01,161.8,USD / tonne,published,worldbank-ea1c350827878ea3
GLOBAL.maize.price,maize,2016-08-01,150.2,USD / tonne,published,worldbank-ea1c350827878ea3
GLOBAL.maize.price,maize,2016-09-01,148.4,USD / tonne,published,worldbank-ea1c350827878ea3
GLOBAL.maize.price,maize,2016-10-01,152.3,USD / tonne,published,worldbank-ea1c350827878ea3
GLOBAL.maize.price,maize,2016-11-01,151.8,USD / tonne,published,worldbank-ea1c350827878ea3
GLOBAL.maize.price,maize,2016-12-01,152.4,USD / tonne,published,worldbank-ea1c350827878ea3
GLOBAL.maize.price,maize,2017-01-01,160.0,USD / tonne,published,worldbank-ea1c350827878ea3
GLOBAL.maize.price,maize,2017-02-01,162.9,USD / tonne,published,worldbank-ea1c350827878ea3
GLOBAL.maize.price,maize,2017-03-01,159.0,USD / tonne,published,worldbank-ea1c350827878ea3
GLOBAL.maize.price,maize,2017-04-01,156.4,USD / tonne,published,worldbank-ea1c350827878ea3
GLOBAL.maize.price,maize,2017-05-01,158.6,USD / tonne,published,worldbank-ea1c350827878ea3
GLOBAL.maize.price,maize,2017-06-01,157.9,USD / tonne,published,worldbank-ea1c350827878ea3
GLOBAL.maize.price,maize,2017-07-01,157.5,USD / tonne,published,worldbank-ea1c350827878ea3
GLOBAL.maize.price,maize,2017-08-01,148.5,USD / tonne,published,worldbank-ea1c350827878ea3
GLOBAL.maize.price,maize,2017-09-01,147.3,USD / tonne,published,worldbank-ea1c350827878ea3
GLOBAL.maize.price,maize,2017-10-01,148.6,USD / tonne,published,worldbank-ea1c350827878ea3
GLOBAL.maize.price,maize,2017-11-01,148.7,USD / tonne,published,worldbank-ea1c350827878ea3
GLOBAL.maize.price,maize,2017-12-01,149.0,USD / tonne,published,worldbank-ea1c350827878ea3
GLOBAL.maize.price,maize,2018-01-01,155.8,USD / tonne,published,worldbank-ea1c350827878ea3
GLOBAL.maize.price,maize,2018-02-01,163.4,USD / tonne,published,worldbank-ea1c350827878ea3
GLOBAL.maize.price,maize,2018-03-01,172.0,USD / tonne,published,worldbank-ea1c350827878ea3
GLOBAL.maize.price,maize,2018-04-01,175.6,USD / tonne,published,worldbank-ea1c350827878ea3
GLOBAL.maize.price,maize,2018-05-01,179.1,USD / tonne,published,worldbank-ea1c350827878ea3
GLOBAL.maize.price,maize,2018-06-01,165.1,USD / tonne,published,worldbank-ea1c350827878ea3
GLOBAL.maize.price,maize,2018-07-01,156.5,USD / tonne,published,worldbank-ea1c350827878ea3
GLOBAL.maize.price,maize,2018-08-01,162.4,USD / tonne,published,worldbank-ea1c350827878ea3
GLOBAL.maize.price,maize,2018-09-01,154.8,USD / tonne,published,worldbank-ea1c350827878ea3
GLOBAL.maize.price,maize,2018-10-01,160.3,USD / tonne,published,worldbank-ea1c350827878ea3
GLOBAL.maize.price,maize,2018-11-01,160.7,USD / tonne,published,worldbank-ea1c350827878ea3
GLOBAL.maize.price,maize,2018-12-01,167.4,USD / tonne,published,worldbank-ea1c350827878ea3
GLOBAL.maize.price,maize,2019-01-01,166.7,USD / tonne,published,worldbank-ea1c350827878ea3
GLOBAL.maize.price,maize,2019-02-01,169.5,USD / tonne,published,worldbank-ea1c350827878ea3
GLOBAL.maize.price,maize,2019-03-01,166.2,USD / tonne,published,worldbank-ea1c350827878ea3
GLOBAL.maize.price,maize,2019-04-01,161.5,USD / tonne,published,worldbank-ea1c350827878ea3
GLOBAL.maize.price,maize,2019-05-01,171.1,USD / tonne,published,worldbank-ea1c350827878ea3
GLOBAL.maize.price,maize,2019-06-01,195.1,USD / tonne,published,worldbank-ea1c350827878ea3
GLOBAL.maize.price,maize,2019-07-01,189.4,USD / tonne,published,worldbank-ea1c350827878ea3
GLOBAL.maize.price,maize,2019-08-01,163.6,USD / tonne,published,worldbank-ea1c350827878ea3
GLOBAL.maize.price,maize,2019-09-01,157.3,USD / tonne,published,worldbank-ea1c350827878ea3
GLOBAL.maize.price,maize,2019-10-01,167.1,USD / tonne,published,worldbank-ea1c350827878ea3
GLOBAL.maize.price,maize,2019-11-01,166.3,USD / tonne,published,worldbank-ea1c350827878ea3
GLOBAL.maize.price,maize,2019-12-01,167.0,USD / tonne,published,worldbank-ea1c350827878ea3
GLOBAL.maize.price,maize,2020-01-01,171.8,USD / tonne,published,worldbank-ea1c350827878ea3
GLOBAL.maize.price,maize,2020-02-01,168.7,USD / tonne,published,worldbank-ea1c350827878ea3
GLOBAL.maize.price,maize,2020-03-01,162.4,USD / tonne,published,worldbank-ea1c350827878ea3
GLOBAL.maize.price,maize,2020-04-01,146.9,USD / tonne,published,worldbank-ea1c350827878ea3
GLOBAL.maize.price,maize,2020-05-01,143.9,USD / tonne,published,worldbank-ea1c350827878ea3
GLOBAL.maize.price,maize,2020-06-01,148.0,USD / tonne,published,worldbank-ea1c350827878ea3
GLOBAL.maize.price,maize,2020-07-01,152.6,USD / tonne,published,worldbank-ea1c350827878ea3
GLOBAL.maize.price,maize,2020-08-01,149.3,USD / tonne,published,worldbank-ea1c350827878ea3
GLOBAL.maize.price,maize,2020-09-01,166.1,USD / tonne,published,worldbank-ea1c350827878ea3
GLOBAL.maize.price,maize,2020-10-01,186.7,USD / tonne,published,worldbank-ea1c350827878ea3
GLOBAL.maize.price,maize,2020-11-01,190.4,USD / tonne,published,worldbank-ea1c350827878ea3
GLOBAL.maize.price,maize,2020-12-01,198.8,USD / tonne,published,worldbank-ea1c350827878ea3
GLOBAL.maize.price,maize,2021-01-01,234.5,USD / tonne,published,worldbank-ea1c350827878ea3
GLOBAL.maize.price,maize,2021-02-01,245.2,USD / tonne,published,worldbank-ea1c350827878ea3
GLOBAL.maize.price,maize,2021-03-01,245.2,USD / tonne,published,worldbank-ea1c350827878ea3
GLOBAL.maize.price,maize,2021-04-01,268.2,USD / tonne,published,worldbank-ea1c350827878ea3
GLOBAL.maize.price,maize,2021-05-01,305.3,USD / tonne,published,worldbank-ea1c350827878ea3
GLOBAL.maize.price,maize,2021-06-01,292.6,USD / tonne,published,worldbank-ea1c350827878ea3
GLOBAL.maize.price,maize,2021-07-01,278.4,USD / tonne,published,worldbank-ea1c350827878ea3
GLOBAL.maize.price,maize,2021-08-01,256.6,USD / tonne,published,worldbank-ea1c350827878ea3
GLOBAL.maize.price,maize,2021-09-01,235.6,USD / tonne,published,worldbank-ea1c350827878ea3
GLOBAL.maize.price,maize,2021-10-01,239.6,USD / tonne,published,worldbank-ea1c350827878ea3
GLOBAL.maize.price,maize,2021-11-01,248.7,USD / tonne,published,worldbank-ea1c350827878ea3
GLOBAL.maize.price,maize,2021-12-01,264.5,USD / tonne,published,worldbank-ea1c350827878ea3
GLOBAL.maize.price,maize,2022-01-01,276.6,USD / tonne,published,worldbank-ea1c350827878ea3
GLOBAL.maize.price,maize,2022-02-01,292.6,USD / tonne,published,worldbank-ea1c350827878ea3
GLOBAL.maize.price,maize,2022-03-01,335.5,USD / tonne,published,worldbank-ea1c350827878ea3
GLOBAL.maize.price,maize,2022-04-01,348.2,USD / tonne,published,worldbank-ea1c350827878ea3
GLOBAL.maize.price,maize,2022-05-01,344.8,USD / tonne,published,worldbank-ea1c350827878ea3
GLOBAL.maize.price,maize,2022-06-01,335.7,USD / tonne,published,worldbank-ea1c350827878ea3
GLOBAL.maize.price,maize,2022-07-01,323.0,USD / tonne,published,worldbank-ea1c350827878ea3
GLOBAL.maize.price,maize,2022-08-01,289.8,USD / tonne,published,worldbank-ea1c350827878ea3
GLOBAL.maize.price,maize,2022-09-01,312.7,USD / tonne,published,worldbank-ea1c350827878ea3
GLOBAL.maize.price,maize,2022-10-01,343.6,USD / tonne,published,worldbank-ea1c350827878ea3
GLOBAL.maize.price,maize,2022-11-01,320.9,USD / tonne,published,worldbank-ea1c350827878ea3
GLOBAL.maize.price,maize,2022-12-01,302.2,USD / tonne,published,worldbank-ea1c350827878ea3
GLOBAL.maize.price,maize,2023-01-01,302.8,USD / tonne,published,worldbank-ea1c350827878ea3
GLOBAL.maize.price,maize,2023-02-01,298.2,USD / tonne,published,worldbank-ea1c350827878ea3
GLOBAL.maize.price,maize,2023-03-01,282.5,USD / tonne,published,worldbank-ea1c350827878ea3
GLOBAL.maize.price,maize,2023-04-01,291.1,USD / tonne,published,worldbank-ea1c350827878ea3
GLOBAL.maize.price,maize,2023-05-01,268.1,USD / tonne,published,worldbank-ea1c350827878ea3
GLOBAL.maize.price,maize,2023-06-01,266.9,USD / tonne,published,worldbank-ea1c350827878ea3
GLOBAL.maize.price,maize,2023-07-01,242.4,USD / tonne,published,worldbank-ea1c350827878ea3
GLOBAL.maize.price,maize,2023-08-01,207.6,USD / tonne,published,worldbank-ea1c350827878ea3
GLOBAL.maize.price,maize,2023-09-01,223.8,USD / tonne,published,worldbank-ea1c350827878ea3
GLOBAL.maize.price,maize,2023-10-01,230.7,USD / tonne,published,worldbank-ea1c350827878ea3
GLOBAL.maize.price,maize,2023-11-01,211.3,USD / tonne,published,worldbank-ea1c350827878ea3
GLOBAL.maize.price,maize,2023-12-01,206.5,USD / tonne,published,worldbank-ea1c350827878ea3
GLOBAL.maize.price,maize,2024-01-01,198.6,USD / tonne,published,worldbank-ea1c350827878ea3
GLOBAL.maize.price,maize,2024-02-01,189.1,USD / tonne,published,worldbank-ea1c350827878ea3
GLOBAL.maize.price,maize,2024-03-01,190.6,USD / tonne,published,worldbank-ea1c350827878ea3
GLOBAL.maize.price,maize,2024-04-01,191.7,USD / tonne,published,worldbank-ea1c350827878ea3
GLOBAL.maize.price,maize,2024-05-01,197.8,USD / tonne,published,worldbank-ea1c350827878ea3
GLOBAL.maize.price,maize,2024-06-01,192.5,USD / tonne,published,worldbank-ea1c350827878ea3
GLOBAL.maize.price,maize,2024-07-01,177.4,USD / tonne,published,worldbank-ea1c350827878ea3
GLOBAL.maize.price,maize,2024-08-01,170.3,USD / tonne,published,worldbank-ea1c350827878ea3
GLOBAL.maize.price,maize,2024-09-01,185.0,USD / tonne,published,worldbank-ea1c350827878ea3
GLOBAL.maize.price,maize,2024-10-01,190.3,USD / tonne,published,worldbank-ea1c350827878ea3
GLOBAL.maize.price,maize,2024-11-01,201.3,USD / tonne,published,worldbank-ea1c350827878ea3
GLOBAL.maize.price,maize,2024-12-01,202.6,USD / tonne,published,worldbank-ea1c350827878ea3
GLOBAL.maize.price,maize,2025-01-01,214.4,USD / tonne,published,worldbank-ea1c350827878ea3
GLOBAL.maize.price,maize,2025-02-01,220.9,USD / tonne,published,worldbank-ea1c350827878ea3
GLOBAL.maize.price,maize,2025-03-01,207.4,USD / tonne,published,worldbank-ea1c350827878ea3
GLOBAL.maize.price,maize,2025-04-01,215.0,USD / tonne,published,worldbank-ea1c350827878ea3
GLOBAL.maize.price,maize,2025-05-01,203.9,USD / tonne,published,worldbank-ea1c350827878ea3
GLOBAL.maize.price,maize,2025-06-01,196.1,USD / tonne,published,worldbank-ea1c350827878ea3
GLOBAL.maize.price,maize,2025-07-01,192.0,USD / tonne,published,worldbank-ea1c350827878ea3
GLOBAL.maize.price,maize,2025-08-01,185.5,USD / tonne,published,worldbank-ea1c350827878ea3
GLOBAL.maize.price,maize,2025-09-01,197.4,USD / tonne,published,worldbank-ea1c350827878ea3
GLOBAL.maize.price,maize,2025-10-01,198.1,USD / tonne,published,worldbank-ea1c350827878ea3
GLOBAL.maize.price,maize,2025-11-01,202.0,USD / tonne,published,worldbank-ea1c350827878ea3
GLOBAL.maize.price,maize,2025-12-01,205.7,USD / tonne,published,worldbank-ea1c350827878ea3
GLOBAL.maize.price,maize,2026-01-01,204.5,USD / tonne,published,worldbank-ea1c350827878ea3
GLOBAL.maize.price,maize,2026-02-01,209.6,USD / tonne,published,worldbank-ea1c350827878ea3
GLOBAL.maize.price,maize,2026-03-01,212.7,USD / tonne,published,worldbank-ea1c350827878ea3
GLOBAL.maize.price,maize,2026-04-01,214.0,USD / tonne,published,worldbank-ea1c350827878ea3
GLOBAL.maize.price,maize,2026-05-01,216.2,USD / tonne,published,worldbank-ea1c350827878ea3
GLOBAL.maize.price,maize,2026-06-01,197.1,USD / tonne,published,worldbank-ea1c350827878ea3
GLOBAL.maize.price,maize,2026-07-01,213.4,USD / tonne,published,worldbank-ea1c350827878ea3
GLOBAL.maize.price,maize,2026-08-01,224.0,USD / tonne,published,worldbank-ea1c350827878ea3
GLOBAL.maize.price,maize,2026-09-01,239.6,USD / tonne,published,worldbank-ea1c350827878ea3
